,Note,Auteur,Genre,Nombre de saisons,Plateforme,Durée,Date de sortie
Sherlock,8.1,Série de   Mark Gatiss et   Steven Moffat,"Policier, drame et thriller",5 saisons(en cours),BBC One,1 h 30 min,25 juillet 2010
The Walking Dead,6.7,Série de   Frank Darabont,Épouvante-horreur et drame,10 saisons(en cours),AMC,43 min,11 octobre 2010
Boardwalk Empire,7.6,Série de   Terence Winter,Drame,5 saisons(terminée),HBO,1 h,19 septembre 2010
Luther,7.6,Série de   Neil Cross,Policier et drame,5 saisons(en cours),BBC One,1 h,4 mai 2010
Band of Brothers : L'enfer du Pacifique,7.5,Série de   Bruce McKenna,"Mini-série, drame et guerre",1 saison(terminée),HBO,50 min,14 mars 2010
Downton Abbey,7.6,Série de   Julian Fellowes,Drame,6 saisons(terminée),ITV,1 h,26 septembre 2010
Spartacus,6.7,Série de   Steven S. DeKnight,"Action, drame et historique",3 saisons(terminée),Starz,1 h,22 janvier 2010
Game of Thrones,8.2,Série de   David Benioff et   D.B. Weiss,"Aventure, drame et fantasy",8 saisons(terminée),HBO,52 min,5 décembre 2010
Treme,8.1,Série de   David Simon et   Eric Overmyer,Drame,4 saisons(terminée),HBO,1 h,11 avril 2010
Justified,7.2,Série de   Graham Yost,"Policier, drame et action",6 saisons(terminée),FX,45 min,16 mars 2010
Louie,7.7,Série de   Louis C.K.,Comédie et drame,5 saisons(terminée),FX (US),25 min,29 juin 2010
Rubicon,7.5,Série de   Jason Horwitch,"Thriller, policier et drame",1 saison(arrêtée),AMC,1 h,13 juin 2010
"Borgen, une femme au pouvoir",7.8,Série de   Adam Price,Drame,3 saisons(terminée),DR1,59 min,26 septembre 2010
La Ligue des justiciers : Nouvelle Génération,7.4,Dessin animé de   Greg Weisman et   Brandon Vietti,"Action, animation et jeunesse",2 saisons(en cours),DC Universe,25 min,26 novembre 2010
Les Piliers de la Terre,7.1,Série de   John Pielmeier,"Thriller, drame et mini-série",1 saison(terminée),Starz,1 h,23 juillet 2010
The Tatami Galaxy,8.3,Anime de   Masaaki Yuasa,Animation et comédie,1 saison(terminée),Fuji TV,25 min,23 avril 2010
Faux Raccord,7.4,Émission Web,"Comédie, documentaire et mini-série",8 saisons(en cours),Allociné,10 min,15 janvier 2010
This is England,7.9,Série de   Shane Meadows,"Mini-série, policier et drame",3 saisons(en cours),Channel 4,1 h,7 septembre 2010
La Folle Histoire du Palmashow,7.4,"Émission TV de   Grégoire Ludig,   David Marsais et   Jonathan Barré",Comédie,(terminée),Direct 8,6 min,26 septembre 2010
Raising Hope,6.9,Série de   Gregory Thomas Garcia,Comédie,4 saisons(terminée),FOX (US),25 min,21 septembre 2010
How to Make It in America,6.9,Série de   Ian Edelman,Comédie dramatique,2 saisons(arrêtée),HBO,30 min,14 février 2010
Ugly Americans,7.7,Dessin animé de   David M. Stern et   Devin Clark,Comédie et animation,2 saisons(terminée),Comedy Central (US),25 min,17 mars 2010
Rizzoli et Isles,5.8,Série de   Tess Gerritsen et   Janet Tamaro,Policier et drame,7 saisons(terminée),TNT (US),45 min,12 juillet 2010
Scooby-Doo : Mystères associés,6.2,Dessin animé de   Joe Ruby et   Ken Spears,"Comédie, jeunesse et animation",2 saisons(terminée),Cartoon Network,25 min,12 juillet 2010
Strike Back,6.7,Série de   Andy Harries,"Action, aventure et drame",8 saisons(terminée),Cinemax,45 min,5 mai 2010
Millenium,7.6,Série de   Daniel Alfredson et   Niels Arden Oplev,"Thriller, policier et action",1 saison(terminée),SVT,1 h 30 min,20 mars 2010
Maison close,6.1,Série de   Jacques Ouaniche,Drame,2 saisons(terminée),Canal+,55 min,4 octobre 2010
Pretty Little Liars,5.2,Série de   I. Marlene King,Drame et thriller,7 saisons(terminée),Freeform,45 min,8 juin 2010
Hawaii 5-0,5.0,"Série de   Roberto Orci,   Peter M. Lenkov et   Alex Kurtzman","Policier, comédie et action",10 saisons(terminée),CBS,45 min,20 septembre 2010
Avengers : L'équipe des Super Héros,6.5,"Dessin animé de   Joshua Fine,   Jack Kirby et   Stan Lee","Action, animation et fantasy",2 saisons(terminée),Disney XD,25 min,8 octobre 2010
Rainbow,7.8,"Anime de   Hiroshi Kôjina,   Masasumi Kakizaki et   George Abe","Thriller, drame, historique",1 saison(terminée),NTV (JP),25 min,6 avril 2010
Bakuman.,7.3,Anime de   Kasai Ken'ichi et   Akitaya Noriaki,"Romance, shōnen et comédie",3 saisons(terminée),AnimeDigitalNetwork,25 min,2 octobre 2010
Shameless (US),7.6,Série de   Paul Abbott,Comédie et drame,11 saisons(en cours),Showtime,1 h,12 décembre 2010
Nikita,5.7,Série de   Craig Silverstein,"Policier, drame et action",4 saisons(terminée),The CW,45 min,9 septembre 2010
Black Lagoon: Roberta`s Blood Trail,7.3,"Anime (OAV) de   Rei Hiroe,   Shino Masanori et   Sunao Katabuchi","Drame, action et animation",1 saison(terminée),33 min,27 juin 2010,Inconnu
Terriers,7.5,Série de   Ted Griffin,Drame,1 saison(terminée),FX,45 min,8 septembre 2010
Angel Beats!,7.0,"Anime de   Na-Ga,   Seiji Kishi et   Jun Maeda","Animation, drame, seinen",1 saison(terminée),Tokyo Broadcasting System,25 min,2 avril 2010
The Event,5.5,Série de   Nick Wauters,"Action, aventure, drame",1 saison(terminée),NBC,45 min,20 septembre 2010
Epic Rap Battles of History,7.1,Émission Web de   Epic Lloyd et   Nice Peter,Comédie,(en cours),YouTube,10 min,26 septembre 2010
Les Mystères de Haven,6.1,Série de   Scott Shepherd,"Fantastique, policier, science-fiction",5 saisons(terminée),SyFy,45 min,9 juillet 2010
High School of the Dead,6.0,"Anime de   Tetsurō Araki,   Daisuke Satô et   Shôji Satô (mangaka)","Shōnen, action et romance",1 saison(terminée),TV Tokyo,25 min,27 juin 2010
Blue Bloods,5.8,Série de   Mitchell Burgess et   Robin Green,Policier et drame,11 saisons(en cours),CBS,45 min,24 septembre 2010
Blue Mountain State,6.9,Série de   Eric Falconer et   Chris Romano,Comédie et sport,3 saisons(terminée),Paramount Network,25 min,11 janvier 2010
Cyanide & Happiness Shorts,7.7,"Émission Web de   Dave McElfatrick,   Rob Denbleyker,   Matt Melvin...",Comédie et animation,1 saison(en cours),YouTube,2 min,1 février 2010
Panty & Stocking with Garterbelt,7.6,Anime de   Gainax et   Hiroyuki Imaishi,"Animation, comédie, action",1 saison(terminée),Tokyo MX,25 min,2 octobre 2010
Parlons VF,7.5,Émission Web de   Misterfox,Documentaire et mini-série,4 saisons(en cours),YouTube,20 min,1 septembre 2010
Carlos,7.2,Série de   Daniel Leconte et   Olivier Assayas,"Biopic, thriller, policier",1 saison(terminée),Canal+,1 h 44 min,19 mai 2010
Cobra The Animation,7.0,Anime de   Buichi Terasawa,Animation,1 saison(terminée),BS11,25 min,2 janvier 2010
Dragons et Princesses,7.9,Série de   Michel Ocelot,"Animation, jeunesse, fantasy",1 saison(terminée),Canal + Family,13 min,25 octobre 2010
Black Butler II,6.3,Anime de   Hirofumi Ogura et   Yana Toboso,"Animation, comédie, drame",1 saison(terminée),Tokyo Broadcasting System,25 min,1 juillet 2010
J'ai jamais su dire non,6.9,Websérie de   Slimane-Baptiste Berhoun,Comédie,1 saison(terminée),YouTube,10 min,11 avril 2010
My Little Pony: Les Amies c'est Magique!,5.7,Dessin animé de   Lauren Faust,"Aventure, animation, jeunesse",5 saisons(terminée),Discovery Family,25 min,10 octobre 2010
Lip Service,6.5,Série de   Harriet Braun,Drame,2 saisons(terminée),BBC Three,1 h,12 octobre 2010
Clem,4.2,Série de   Joyce Buñuel,Comédie et drame,10 saisons(en cours),TF1,55 min,22 février 2010
Parenthood,6.9,Série de   Jason Katims,Drame,6 saisons(terminée),NBC,45 min,2 mars 2010
L'ANALYSE de MisterJDay,7.3,Émission Web de   MisterJDay,Comédie,6 saisons(en cours),YouTube,15 min,22 novembre 2010
Mongrels,7.8,Série de   Adam Miller,Comédie,2 saisons(terminée),BBC Three,30 min,22 juin 2010
Shiki,7.3,"Anime de   Tetsuro Amino,   Ochi Shinji,   Fuyumi Ono...","Fantastique, seinen, animation",1 saison(terminée),Fuji TV,25 min,9 juillet 2010
Beelzebub,6.8,Anime de   Tamura Ryuuhei et   Nobuhiro Takamoto,"Animation, comédie, fantastique",1 saison(terminée),Animax,25 min,23 octobre 2010
"Hatufim, prisonniers de guerre",7.6,Série de   Gideon Raff,Drame,2 saisons(terminée),Keshet,1 h,6 mars 2010
Secret Garden,7.1,Drama de   Shin Woo-Cheol et   Kwon Hyuk-Chan,"Comédie, drame, fantasy",1 saison(terminée),SBS (KR),1 h 10 min,13 novembre 2010
Zig et Sharko,5.5,Dessin animé de   Olivier Jean-Marie,Animation,1 saison(en cours),Gulli,7 min,21 décembre 2010
Super Hero Family,5.3,Série de   Greg Berlanti et   Jon Harmon Feldman,Drame et fantasy,1 saison(terminée),ABC (US),45 min,21 août 2010
Les Invincibles,6.9,Série de   Jean-François Rivard et   François Létourneau,Comédie,2 saisons(terminée),Arte,50 min,9 mars 2010
Life Unexpected,6.0,Série de   Liz Tigelaar,Drame,2 saisons(terminée),The CW,45 min,18 janvier 2010
The Hard Times of RJ Berger,5.8,Série de   Seth Grahame-Smith et   David Katzenberg,Comédie,2 saisons(terminée),MTV (US),25 min,6 juin 2010
Hot in Cleveland,6.0,Série de   Suzanne Martin,Comédie,6 saisons(terminée),TV Land,25 min,16 juin 2010
Come Fly With Me,7.7,Série de   David Walliams et   Matt Lucas,Comédie,1 saison(terminée),BBC One,30 min,25 décembre 2010
Vous les femmes,5.4,Série,Comédie et mini-série,3 saisons(terminée),téva,2 min,13 mars 2010
The Gates,5.5,Série de   Richard Hatem,"Fantastique, policier et drame",1 saison(terminée),ABC (US),45 min,20 juin 2010
Durarara!!,7.6,Anime de   Brain's Base et   Ryohgo Narita,"Seinen, action, comédie",2 saisons(terminée),MBS,25 min,8 janvier 2010
Les Recrues de la 15e,6.3,"Série de   Tassie Cameron,   Morwyn Brebner et   Ellen Vanstone",Policier et drame,6 saisons(terminée),Global,43 min,24 juin 2010
Timbré (Terry Pratchett's Going Postal),7.5,"Série de   Richard Kurti,   Bev Doyle et   Terry Pratchett","Mini-série, comédie et fantastique",1 saison(terminée),Sky1,2 h,30 mai 2010
Caprica,6.2,Série de   Remi Aubuchon et   Ronald D. Moore,Science-fiction,1 saison(terminée),SyFy,45 min,22 janvier 2010
The Big C,7.3,Série de   Darlene Hunt,Comédie et drame,4 saisons(terminée),Showtime,30 min,16 août 2010
L'histoire racontée par des chaussettes,6.7,Websérie de   Sébastien De Dominicis (Dédo) et   Yacine Belhousse,Mini-série et comédie,(en cours),YouTube,3 min,29 octobre 2010
Storage Wars : Enchères surprises,5.2,Émission TV,Documentaire,8 saisons(en cours),A&E,25 min,1 décembre 2010
Les Octonauts,5.6,Série,"Action, aventure, animation",3 saisons(en cours),CBeebies,25 min,4 octobre 2010
Vsauce,8.3,Émission Web de   Michael Stevens,Documentaire,(en cours),YouTube,30 min,24 juin 2010
Darker Than Black: Gemini of the Meteor : Black Contractor: Gaiden OVA,7.2,"Anime (OAV) de   Yûji Iwahara,   Komori Takahiro et   Tensai Okamura","Science-fiction, drame, action",1 saison(terminée),25 min,27 janvier 2010,Inconnu
Sungkyunkwan Scandal,7.6,Drama de   Hwang In-Hyuk et   Kim Won-suk,"Comédie, mini-série et drame",1 saison(terminée),KBS TV2,45 min,30 août 2010
Total Drama World Tour,Inconnu,Dessin animé,Comédie et animation,(arrêté),Teletoon,30 min,10 juin 2010
Lost Girl,5.9,Série de   Michelle Lovretta,"Policier, drame, fantasy",5 saisons(terminée),Showcase (CA),45 min,31 août 2010
K-On !!,7.0,Anime de   Kyoto Animation et   Naoko Yamada,"Musique, comédie et animation",(terminée),Tokyo Broadcasting System,25 min,7 avril 2010
JonTron,7.5,Série de   Jon Jafari,Comédie,(en cours),YouTube,15 min,31 août 2010
Stupide Touriste,7.4,Série de   Ricky Gervais et   Stephen Merchant,Comédie et documentaire,3 saisons(terminée),Sky1,1 h,5 septembre 2010
Seitokai Yakuindomo,6.3,Anime de   Hiromitsu Kanazawa et   Tozen Ujiie,Animation et comédie,2 saisons,CTC (JA),25 min,4 juillet 2010
Love/Hate,7.6,Série de   Stuart Carolan,Policier et drame,5 saisons(terminée),RTÉ One,50 min,3 octobre 2010
Quand l'histoire fait dates,8.2,Émission TV de   Patrick Boucheron et   Denis Van Waerebeke,Documentaire et historique,1 saison(terminée),Arte,27 min,17 mars 2018
"Blow Up, l'actualité du cinéma (ou presque)",8.3,Websérie de   Luc Lagier,Documentaire,7 saisons(en cours),Arte,10 min,octobre 2010
Enquêtes archéologiques,7.6,Émission TV de   Agnès Molia et   Nathalie Laville,Documentaire,2 saisons(en cours),Arte,25 min,18 juin 2016
Mobile Suit Gundam Unicorn,7.8,Anime (OAV) de   Kazuhiro Furuhashi,Animation,1 saison(terminée),25 min,20 février 2010,Inconnu
The Ricky Gervais Show,7.5,"Série de   Ricky Gervais,   Stephen Merchant et   Karl Pilkington",Comédie et animation,3 saisons(terminée),HBO,25 min,19 février 2010
Arakawa Under the Bridge,7.1,Anime de   Yukihiro Yamamoto,"Romance, comédie et animation",(terminée),TV Tokyo,25 min,4 avril 2010
Persons Unknown,5.7,Série de   Christopher McQuarrie,Drame et thriller,1 saison(terminée),NBC,45 min,7 juin 2010
Black Mirror,8.1,Série de   Charlie Brooker,"Science-fiction, thriller, anthologique",5 saisons(en cours),Netflix,1 h,4 décembre 2011
Bref.,7.2,Série de   Bruno Muschio et   Kyan Khojandi,Comédie et mini-série,1 saison(terminée),Canal+,2 min,28 août 2011
Homeland,7.0,Série de   Alex Gansa et   Howard Gordon,"Thriller, action, drame",8 saisons(terminée),Showtime,50 min,2 octobre 2011
American Horror Story,7.0,Série de   Ryan Murphy et   Brad Falchuk,"Thriller, Épouvante-horreur, anthologique",9 saisons(en cours),FX,45 min,6 février 2011
Person of Interest,6.6,Série de   Jonathan Nolan,"Action, aventure, drame",5 saisons(terminée),CBS,43 min,22 septembre 2011
Suits : Avocats sur mesure,7.0,Série de   Aaron Korsh,"Judiciaire, comédie et drame",9 saisons(terminée),USA Network,45 min,23 juin 2011
The Killing (US),7.6,Série de   Veena Sud,"Thriller, policier et drame",4 saisons(terminée),Netflix,50 min,3 avril 2011
New Girl,6.6,Série de   Elizabeth Meriwether,Comédie,7 saisons(terminée),FOX (US),25 min,20 septembre 2011
Hunter x Hunter,8.1,Anime de   Hiroshi Koujina et   Yoshihiro Togashi,"Shōnen, comédie, aventure",(terminée),NTV (JP),25 min,2 octobre 2011
Once Upon a Time,5.6,Série de   Adam Horowitz et   Edward Kitsis,"Aventure, drame, fantasy",7 saisons(terminée),ABC (US),43 min,23 octobre 2011
Platane,6.3,Série de   Hafid F. Benamar et   Eric Judor,Comédie,3 saisons(en cours),Canal+,25 min,5 septembre 2011
Falling Skies,5.6,Série de   Robert Rodat,"Science-fiction, thriller et action",5 saisons(terminée),TNT (US),45 min,19 juin 2011
Hell on Wheels,7.0,Série de   Joe Gayton et   Tony Gayton,"Western, drame et action",5 saisons(terminée),AMC,45 min,6 novembre 2011
Bron,7.8,"Série de   Hans Rosenfeldt,   Björn Stein,   Henrik Georgsson...",Policier et drame,4 saisons(terminée),DR1,1 h,21 septembre 2011
Grimm,5.9,"Série de   Stephen Carpenter,   David Greenwalt et   Jim Kouf","Fantastique, Épouvante-horreur et drame",6 saisons(terminée),NBC,43 min,28 octobre 2011
Steins;Gate,8.0,"Anime de   Kobayashi Tomoki,   HUKE,   Kyūta Sakai...","Drame, comédie, romance",1 saison(terminée),TV Tokyo,25 min,6 avril 2011
Very Bad Blagues,7.2,Émission TV de   Palmashow,Comédie et mini-série,(terminée),Direct 8,5 min,21 mars 2011
Spartacus : Les Dieux de l'arène,6.9,Série de   Steven S. DeKnight,Drame et action,1 saison(terminée),Starz,55 min,21 janvier 2011
Terra Nova,4.7,Série de   Kelly Marcel et   Craig Silverstein,"Action, aventure, fantasy",1 saison(terminée),FOX (US),45 min,26 septembre 2011
Teen Wolf,5.4,Série de   Jeff Davis,"Action, aventure, comédie",6 saisons(terminée),MTV (US),42 min,5 juin 2011
The Booth at the End,7.7,Série de   Christopher Kubasik,Drame,2 saisons(terminée),City,25 min,11 juillet 2011
2 Broke Girls,6.1,Série de   Michael Patrick King et   Whitney Cummings,Comédie,6 saisons(terminée),CBS,25 min,19 septembre 2011
Alphas,5.9,Série de   Zak Penn et   Michael Karnow,"Science-fiction, drame et action",2 saisons(arrêtée),SyFy,45 min,11 juillet 2011
The Hour,7.6,Série de   Abi Morgan,Drame,2 saisons(terminée),BBC Two,1 h,19 juillet 2011
Puella Magi Madoka Magica,7.9,"Anime de   Yukihiro Yamamoto,   Akiyuki Shinbo,   Ume Aoki...","Fantastique, drame, animation",1 saison(terminée),Tokyo Broadcasting System,25 min,7 janvier 2011
The Borgias,6.5,Série de   Neil Jordan,Drame,3 saisons(terminée),Showtime,50 min,3 avril 2011
Don't Hug Me I'm Scared,8.1,Websérie de   Joseph Pelling et   Becky Sloan,"Comédie, Épouvante-horreur et animation",(en cours),YouTube,5 min,25 juillet 2011
Mildred Pierce,7.4,Série de   Todd Haynes,Drame et mini-série,1 saison(terminée),HBO,55 min,27 mars 2011
Wilfred (US),7.1,Série de   Jason Gann et   Adam Zwar,Fantastique et comédie dramatique,4 saisons(terminée),FX,30 min,23 juin 2011
Apocalypse : Hitler,7.6,Série de   Isabelle Clarke et   Daniel Costelle,"Mini-série, historique, guerre",1 saison(terminée),France 2,55 min,25 octobre 2011
Episodes,6.5,Série de   David Crane et   Jeffrey Klarik,Comédie,5 saisons(terminée),Showtime,25 min,9 janvier 2011
3615 Usul,7.5,Émission Web de   Dorian Chandelier et   Usul,Comédie,2 saisons(terminée),jeuxvideo.com,8 min,23 octobre 2011
Life's Too Short,7.1,"Série de   Warwick Davis,   Ricky Gervais et   Stephen Merchant",Comédie,1 saison(terminée),BBC Two,30 min,10 novembre 2011
BOSS,7.6,Série de   Farhad Safinia,Policier et drame,2 saisons(terminée),Starz,1 h,21 octobre 2011
Body of Proof,5.4,Série de   Christopher Murphey,Policier et drame,3 saisons(terminée),ABC (US),45 min,29 mars 2011
Le Monde Incroyable de Gumball,7.6,Dessin animé de   Benjamin Bocquelet,"Animation, jeunesse et comédie",5 saisons(terminée),Cartoon Network,10 min,3 mai 2011
Death Valley,6.8,Série de   Curtis Gwinn,Comédie et Épouvante-horreur,1 saison(terminée),MTV (US),25 min,29 août 2011
Revenge,5.9,Série de   Mike Kelley,Drame et thriller,4 saisons(terminée),ABC (US),45 min,11 septembre 2011
Anohana,7.6,"Anime de   Chouheiwa Busters,   Masayoshi Tanaka et   Tatsuyuki Nagai","Comédie, romance, animation",1 saison(terminée),Fuji TV,20 min,15 avril 2011
Top Boy,7.8,Série de   Ronan Bennett,Drame,3 saisons(en cours),Channel 4,50 min,31 octobre 2011
La Gifle,7.3,Série de   Christos Tsiolkas,Mini-série et drame,1 saison(terminée),ABC (AU),1 h,6 octobre 2011
Borgia,6.5,Série de   Tom Fontana,Drame et historique,3 saisons(terminée),Sky Atlantic (IT),50 min,10 octobre 2011
Fate/zero,7.6,"Anime de   Aoki Ei,   Gen Urobuchi et   Takeuchi Takashi","Animation, drame, fantastique",1 saison(terminée),Tokyo MX,25 min,2 octobre 2011
Awkward,5.8,Série de   Lauren Iungerich,Comédie dramatique,5 saisons(terminée),MTV (US),25 min,19 juillet 2011
Suburgatory,6.2,Série de   Emily Kapnek,Comédie,3 saisons(terminée),ABC (US),25 min,28 septembre 2011
The Shadow Line,7.6,Série de   Hugo Blick,"Mini-série, policier et drame",1 saison(terminée),BBC Two,1 h,5 mai 2011
Meurtres au paradis,6.3,Série de   Robert Thorogood,"Comédie, policier et aventure",10 saisons(en cours),BBC One,1 h,25 octobre 2011
Hart of Dixie,5.8,Série de   Leila Gerstein,Comédie dramatique et romance,4 saisons(terminée),The CW,45 min,26 septembre 2011
De grandes espérances,6.7,Série de   Sarah Phelps et   Charles Dickens,"Romance, mini-série et drame",1 saison(arrêté),BBC One,1 h,27 décembre 2011
Mawaru Penguindrum,7.9,"Anime de   Kunihiko Ikuhara,   Shōko Nakamura et   Lily Hoshino","Fantastique, romance, animation",1 saison(terminée),MBS,25 min,3 juillet 2011
Luck,6.7,Série de   David Milch,Drame,1 saison(arrêtée),HBO,1 h,11 décembre 2011
J'irai dormir en Amérique,7.8,Série de   Antoine de Maximy,Documentaire,1 saison(arrêté),France 5,26 min,19 décembre 2011
Soda,3.2,"Série de   Franck Bellocq,   David Soussan,   Kev Adams...",Comédie et comédie,3 saisons(terminée),W9,3 min,4 juillet 2011
Mad Dogs,6.8,Série de   Cris Cole,"Comédie, policier et drame",4 saisons(terminée),Sky1,45 min,10 février 2011
Grand Hôtel,7.3,Série de   Ramón Campos,Policier et drame,3 saisons(terminée),Antena 3,1 h 15 min,4 octobre 2011
Game Theory,6.9,Émission Web de   Matthew Patrick,Comédie et documentaire,(en cours),YouTube,15 min,18 avril 2011
Enlightened : illuminée,6.7,Série de   Mike White et   Laura Dern,Comédie dramatique,2 saisons(arrêtée),HBO,30 min,10 octobre 2011
Sacred Seven,5.4,Anime de   Hajime Yatate,Animation et science-fiction,1 saison(terminée),MBS,25 min,3 juillet 2011
Deadman Wonderland,6.3,Anime de   Koichi Hatsumi,"Science-fiction, action, animation",1 saison(terminée),tvk,25 min,17 avril 2011
Le Petit journal,6.0,Émission TV de   Yann Barthès,Comédie,12 saisons(terminée),Canal+,18 min,29 août 2011
Bob's Burgers,6.9,Série de   Loren Bouchard,Animation et comédie,11 saisons(en cours),FOX (US),25 min,9 janvier 2011
Planète Dinosaures,7.9,Série de   Nigel Paterson,Documentaire,1 saison(terminée),BBC One,49 min,14 septembre 2011
City Hunter,7.3,Drama de   Jin Hyeok,"Thriller, drame et action",1 saison(terminée),SBS (KR),1 h 05 min,25 mai 2011
XIII : La Série,5.0,Série de   Duane Clark,"Thriller, action et policier",2 saisons(terminée),Showcase (CA),40 min,18 avril 2011
Nichijou: My Ordinary Life,8.0,Anime de   Keiichi Arawi et   Tatsuya Ishihara,"Fantastique, animation et comédie",1 saison(terminée),TV Aichi,25 min,2 avril 2011
Workaholics,6.8,"Série de   Dominic Russo,   Kyle Newacheck,   Connor Pritchard...",Comédie,7 saisons(terminée),Comedy Central (US),25 min,6 avril 2011
Bakuman 2,7.6,Anime de   Kasai Ken'ichi et   Tsugumi Ōba,"Drame, shōnen, comédie",1 saison(en cours),AnimeDigitalNetwork,25 min,1 octobre 2011
The Secret Circle,5.1,Série de   Elizabeth Craft et   Sarah Fain,"Fantastique, Épouvante-horreur et drame",1 saison(terminée),The CW,45 min,15 septembre 2011
Julfou,6.5,Websérie de   Julien Josselin (Julfou),Comédie et mini-série,3 min,12 juillet 2011,Inconnu,Inconnu
Fresh Meat,6.8,Série de   Sam Bain et   Jesse Armstrong,Comédie et drame,4 saisons(terminée),Channel 4,50 min,21 septembre 2011
Gosick,7.0,"Anime de   Kazuki Sakuraba,   Hitoshi Nanba et   Hinata Takeda","Fantastique, policier, romance",1 saison(terminée),TV Tokyo,25 min,7 janvier 2011
Unforgettable,5.0,Série de   John Bellucci et   Ed Redlich,Policier et drame,4 saisons(terminée),A&E,45 min,20 septembre 2011
Ringer,5.5,Série de   Eric C. Charmelo et   Nicole Snyder,"Thriller, policier et drame",1 saison(terminée),The CW,45 min,13 septembre 2011
Monroe,7.0,Série de   Peter Bowker,Drame et médical,2 saisons(terminée),ITV,1 h,10 mars 2011
The Walking Dead : Webepisodes - Torn Apart,6.7,Websérie de   Greg Nicotero,Épouvante-horreur et drame,1 saison(terminée),3 octobre 2011,Inconnu,Inconnu
The Fades,6.8,Série de   Jack Thorne,"Fantastique, drame, fantasy",1 saison(terminée),BBC Three,55 min,21 septembre 2011
Gintama 2,8.7,Anime de   Hideaki Sorachi et   Yoichi Fujita,"Comédie, action, animation",1 saison(terminée),25 min,4 avril 2011,Inconnu
Natoo,5.1,Émission Web de   Nathalie Odzierejko (Natoo),Comédie et mini-série,(en cours),YouTube,5 min,10 mars 2011
Hourou Musuko,7.5,Anime de   Takako Shimura et   Aoki Ei,"Romance, seinen, animation",1 saison(terminée),Fuji TV,25 min,14 janvier 2011
Prohibition,7.8,Série de   Ken Burns et   Lynn Novick,Documentaire,1 saison(terminée),PBS,2 h,26 juin 2011
Salut les geeks,6.2,Émission Web de   Mathieu Sommet,Comédie,6 saisons(terminée),YouTube,5 min,11 mars 2011
Looney Tunes Show,6.6,Dessin animé de   Spike Brandt et   Tony Cervone,"Comédie, jeunesse et animation",(terminée),Cartoon Network,25 min,3 mai 2011
Scarlet Heart,7.6,Série,Drame,2 saisons(terminée),Hunan TV,45 min,10 septembre 2011
Kaiji: Against All Rules,7.9,Anime de   Yûzô Satô et   Nobuyuki Fukumoto,Thriller et seinen,1 saison(terminée),NTV (JP),25 min,6 avril 2011
Les Bracelets rouges (ES),7.5,Série de   Albert Espinosa Puig et   Albert Espinosa,Jeunesse et drame,2 saisons(terminée),TV3 (ES),45 min,24 janvier 2011
Toy Story Toons,6.9,"Dessin animé de   Angus MacLane,   Gary Rydstrom et   Mark A. Walsh",Animation,(terminée),ABC (US),7 min,24 juin 2011
Breakout Kings,5.7,Série de   Nick Santora et   Matt Olmstead,"Thriller, policier, drame",2 saisons(terminée),A&E,45 min,6 mars 2011
The Kennedys,6.3,Série de   Jon Cassar,"Historique, biopic et drame",1 saison(terminée),ReelzChannel,45 min,3 avril 2011
Yuru Yuri,6.2,"Anime de   Masahiko Ohta,   Nakajima Chiaki et   Namori",Animation et comédie,3 saisons(terminée),TV Tokyo,25 min,5 juillet 2011
La Maison sur le Lac,4.9,Série de   Mick Garris,"Fantastique, mini-série et drame",1 saison(terminée),A&E,1 h 20 min,11 décembre 2011
Face Off,7.1,Émission TV,Télé-réalité et documentaire,7 saisons(terminée),SyFy,45 min,26 janvier 2011
Scent of a Woman,7.3,Série de   Park Hyung-Ki et   No Ji-Sul,Drame,1 saison(terminée),SBS (KR),1 h 05 min,23 juillet 2011
Plastic Nee-san,6.9,"Anime de   Kurii Cha,   Sumie Kinoshita et   Tsutomu Mizushima","Animation, comédie et seinen",1 saison(terminée),2 min,16 mai 2011,Inconnu
Un drôle de père,8.2,Anime de   Kamei Kanta et   Yumi Unita,"Comédie, animation et drame",1 saison(terminée),Fuji TV,25 min,8 juillet 2011
Outcasts,6.0,Série de   Ben Richards,Drame et science-fiction,1 saison(terminée),BBC One,1 h,7 février 2011
Les Revenants,6.8,Série de   Fabrice Gobert,"Fantastique, thriller, Épouvante-horreur",2 saisons(terminée),Canal+,50 min,26 novembre 2012
Real Humans,7.4,Série de   Lars Lundström,Thriller et drame,2 saisons(terminée),SVT,1 h,22 janvier 2012
The Newsroom,7.4,Série de   Aaron Sorkin,Drame,3 saisons(terminée),HBO,55 min,24 juin 2012
Arrow,5.4,"Série de   Greg Berlanti,   Andrew Kreisberg et   Marc Guggenheim","Action, aventure, policier",8 saisons(terminée),The CW,40 min,10 octobre 2012
Girls,6.5,Série de   Lena Dunham,Comédie dramatique,6 saisons(terminée),HBO,30 min,15 avril 2012
Elementary,6.1,Série de   Robert Doherty,"Policier, drame et thriller",7 saisons(terminée),CBS,45 min,27 septembre 2012
Souvenirs de Gravity Falls,8.1,Dessin animé de   Alex Hirsch,"Fantastique, comédie, animation",2 saisons(terminée),Disney XD,25 min,15 juin 2012
Psycho-Pass,7.7,"Anime de   Katsuyuki Motohiro,   Naoyoshi Shiotani et   Akira Amano","Science-fiction, action, animation",1 saison(terminée),Fuji TV,25 min,12 octobre 2012
Veep,6.9,Série de   Armando Iannucci,Comédie,7 saisons(terminée),HBO,30 min,22 avril 2012
La Légende de Korra,7.4,Dessin animé de   Michael Dante DiMartino et   Bryan Konietzko,"Action, animation, drame",4 saisons(terminée),Nickelodeon,25 min,14 avril 2012
Scandal,6.2,Série de   Shonda Rhimes,Drame,7 saisons(terminée),ABC (US),45 min,5 avril 2012
Continuum,6.2,Série de   Simon Barry,"Science-fiction, thriller, drame",4 saisons(terminée),Showcase (CA),45 min,27 mai 2012
A Young Doctor's Notebook,7.2,Série de   Alex Hardcastle,Comédie et drame,2 saisons(terminée),Sky Arts,23 min,6 décembre 2012
Jojo's Bizarre Adventure,7.6,"Anime de   Naokatsu Tsuda,   Kenichi Suzuki,   Hirohiko Araki...","Fantastique, aventure, action",1 saison(terminée),Tokyo MX,24 min,6 octobre 2012
Don't Trust the B---- in Apartment 23,6.3,Série de   Nahnatchka Khan,Comédie,2 saisons(terminée),ABC (US),25 min,11 avril 2012
Sword Art Online,6.3,Anime de   Reki Kawahara et   Tomohiko Itou,"Animation, aventure, science-fiction",1 saison(terminée),Tokyo MX,25 min,8 juillet 2012
Derek,7.6,Série de   Ricky Gervais,Comédie et drame,3 saisons(terminée),Channel 4,24 min,12 avril 2012
Revolution,4.7,Série de   Eric Kripke,Drame et action,2 saisons(terminée),NBC,45 min,17 septembre 2012
Kids on the Slope,7.6,Anime de   Shinichirô Watanabe,"Musique, animation et drame",1 saison(terminée),Fuji TV,25 min,7 avril 2012
Touch,5.9,Série de   Tim Kring,Science-fiction et drame,2 saisons(terminée),FOX (US),45 min,25 janvier 2012
Awake,6.6,Série de   Kyle Killen,Fantastique et drame,1 saison(terminée),NBC,45 min,1 mars 2012
Le Fossoyeur de films,7.6,Émission Web de   François Theurel,Mini-série et documentaire,(en cours),YouTube,30 min,15 octobre 2012
Kaboul Kitchen,7.0,"Série de   Jean-Patrick Benes,   Allan Mauduit et   Marc Victor",Comédie,3 saisons(terminée),Canal+,25 min,13 février 2012
Silex and the City,6.5,Dessin animé de   Julien Berjeaut (Jul),Comédie et animation,5 saisons(terminée),Arte,5 min,3 septembre 2012
Lilyhammer,6.9,Série de   Anne Bjørnstad et   Eilif Skodvin,"Comédie, policier et drame",3 saisons(terminée),NRK1,45 min,25 janvier 2012
From the New World,7.9,"Anime de   YORI,   Yusuke Kishi et   Masashi Ishihama","Fantastique, drame, animation",1 saison(terminée),TV Asahi,25 min,29 septembre 2012
Hatfields & McCoys,7.3,Série de   Ted Mann,"Drame, mini-série, télé-réalité",1 saison(terminée),History,1 h 40 min,28 mai 2012
Hit and Miss,7.1,Série de   Paul Abbott,Drame,1 saison(terminée),Sky1,45 min,22 mai 2012
Last Resort,5.3,Série de   Shawn Ryan et   Karl Gajdusek,"Action, guerre et drame",1 saison(terminée),ABC (US),45 min,8 octobre 2012
Go on,6.2,Série de   Scott Silveri,Comédie,1 saison(terminée),NBC,25 min,8 août 2012
Chicago Fire,6.3,Série de   Michael Brandt et   Derek Haas,Action et drame,9 saisons(en cours),NBC,42 min,10 octobre 2012
The River,5.7,Série de   Michael R. Perry et   Oren Peli,"Aventure, drame, Épouvante-horreur",1 saison(terminée),ABC (US),45 min,24 janvier 2012
What the Cut?!,7.2,Émission Web de   Antoine Daniel,Comédie,1 saison(en cours),YouTube,10 min,1 mars 2012
Another,6.4,Anime de   Tsutomu Mizushima et   Yukito Ayatsuji,"Épouvante-horreur, animation, action",1 saison(terminée),Tokyo MX,20 min,10 janvier 2012
Les Opérateurs,7.1,Websérie de   Slimane-Baptiste Berhoun et   François Descraques,Comédie,1 saison(terminée),France 4,6 min,13 octobre 2012
Perception,5.9,Série de   Kenneth Biller et   Michael Sussman,Policier et drame,3 saisons(terminée),TNT (US),45 min,9 juillet 2012
Battlestar Galactica: Blood & Chrome,6.4,Websérie de   Michael Taylor et   David Eick,Science-fiction,1 saison(terminée),SyFy,10 min,9 novembre 2012
Lupin III : Une femme nommée Fujiko Mine,7.8,Anime de   Sayo Yamamoto,"Thriller, policier, action",1 saison(terminée),NTV (JP),25 min,5 avril 2012
Alcatraz,5.1,"Série de   Elizabeth Sarnoff,   Steven Lilien et   Bryan Wynbrandt","Science-fiction, policier, drame",1 saison(terminée),FOX (US),45 min,16 janvier 2012
The Mindy Project,6.4,Série de   Mindy Kaling,Comédie,6 saisons(terminée),Hulu,25 min,25 septembre 2012
666 Park Avenue,5.2,Série de   David Wilcox,"Fantastique, thriller et drame",1 saison(terminée),ABC (US),45 min,30 septembre 2012
Ainsi soient-ils,6.7,"Série de   Bruno Nahon,   Vincent Poymiro,   David Elkaim...",Drame,3 saisons(terminée),Arte,50 min,11 octobre 2012
Nashville,6.0,Série de   Callie Khouri,Drame,6 saisons(terminée),CMT,45 min,10 octobre 2012
Kuroko No Basket,7.1,Anime de   Shunsuke Tada,"Animation, comédie, shōnen",1 saison(terminée),MBS,25 min,8 avril 2012
Papy Grenier,7.0,Émission Web de   Sébastien Rassiat et   Frédéric Molas,Comédie,1 saison(en cours),YouTube,7 min,13 septembre 2012
Uchuu Senkan Yamato 2199,7.9,"Anime (OAV) de   Leiji Matsumoto,   Yoshinobu Nishizaki et   Yutaka Izubuchi","Animation, romance, guerre",1 saison(terminée),MBS,25 min,6 avril 2012
Smash,6.0,Série de   Theresa Rebeck,Drame,2 saisons(terminée),NBC,45 min,6 février 2012
Ultimate Spider-Man,5.8,Série de   Paul Dini et   Brian Michael Bendis,"Action, aventure, animation",4 saisons(terminée),Disney XD,25 min,1 avril 2012
The Finder,5.9,Série de   Hart Hanson,"Comédie, policier et drame",1 saison(terminée),FOX (US),45 min,12 janvier 2012
Ripper Street,7.2,Série de   Richard Warlow,Drame,5 saisons(terminée),Prime Video,1 h,30 décembre 2012
Hunted,6.3,Série de   Frank Spotnitz,"Thriller, drame et action",1 saison(terminée),BBC One,1 h,4 octobre 2012
Space Brothers,7.9,Anime de   Ayumu Watanabe,"Science-fiction, comédie et seinen",1 saison(terminée),NTV (JP),25 min,1 avril 2012
WorkinGirls,6.4,Série de   Sylvain Fusée,Comédie,4 saisons(en cours),Canal+,15 min,19 avril 2012
The Neighbors,6.3,Série de   Dan Fogelman,Science-fiction et comédie,2 saisons(terminée),ABC (US),25 min,26 septembre 2012
Secret State,7.3,Série de   Robert Jones,Drame et mini-série,1 saison(terminée),Channel 4,45 min,7 novembre 2012
Tron : La Révolte,7.0,Dessin animé de   Steven Lisberger et   Bonnie MacBird,"Action, aventure, animation",1 saison(terminée),Disney XD,25 min,18 mai 2012
Palmashow l'émission,7.2,Série de   Grégoire Ludig et   David Marsais,Comédie,1 saison(terminée),D8,20 min,2 décembre 2012
"Love, Chunibyo & Other Delusions!",6.9,"Anime de   Tatsuya Ishihara,   Torako,   Nozomi Ousaka...","Animation, seinen, romance",2 saisons(terminée),Tokyo Broadcasting System,25 min,4 octobre 2012
Shokuzai,7.6,Série de   Kiyoshi Kurosawa,Drame,1 saison(terminée),WOWOW,1 h,8 janvier 2012
Inquisitio,6.2,Série de   Nicolas Cuche,Drame,1 saison(terminée),France 2,50 min,4 juillet 2012
The New Normal,5.5,Série de   Ali Adler,Comédie,1 saison(terminée),NBC,25 min,10 septembre 2012
Humanity has Declined,7.4,"Anime de   Seiji Kishi,   Kyuuta Sakai,   Romeo Tanaka...","Fantastique, comédie et animation",1 saison(terminée),Tokyo MX,25 min,1 juillet 2012
L'après-séance,7.4,Émission Web de   François Theurel,Mini-série,(en cours),YouTube,10 min,21 décembre 2012
Hyouka,7.4,Anime de   Yonezawa Honobu,"Romance, drame, comédie",1 saison(terminée),CTC (JA),25 min,22 avril 2012
Parade's End,6.4,Série de   Tom Stoppard,"Mini-série, drame et action",1 saison(terminée),BBC Two,1 h,24 août 2012
Beauty and the Beast,4.4,Série de   Ron Koslow,"Policier, fantasy, romance",4 saisons(terminée),The CW,45 min,18 mai 2012
House of Lies,6.0,Série de   Matthew Carnahan,Comédie et drame,5 saisons(terminée),Showtime,30 min,8 janvier 2012
Hard Corner,6.7,Émission Web de   Benjamin Daniel (Benzaie),Comédie,(en cours),YouTube,6 min,28 janvier 2012
Nisemonogatari,7.2,"Anime de   Tomoyuki Itamura,   Akiyuki Shinbo et   Nishio Ishin (NisiOisiN)","Fantastique, comédie et animation",1 saison(terminée),23 min,8 janvier 2012,Inconnu
Btooom!,6.3,Anime,"Romance, science-fiction, action",1 saison(terminée),Tokyo MX,25 min,4 octobre 2012
Enquêtes codées,7.2,Série de   Andy De Emmony,Drame,2 saisons(terminée),ITV,45 min,6 septembre 2012
Baby Daddy,5.8,Série de   Daniel Berendsen,Comédie,6 saisons(terminée),Freeform,25 min,20 juin 2012
Kokoro Connect,7.0,"Anime de   Shin Oonuma,   Shiromizakana,   Shinya Kawamo...","Romance, animation, drame",1 saison(terminée),Tokyo MX,25 min,7 juillet 2012
Magic City,6.4,Série de   Mitch Glazer,Drame et thriller,2 saisons(arrêtée),Starz,55 min,30 mars 2012
Girls und Panzer,6.7,"Anime de   Tsutomu Mizushima,   Shimada Humikane et   Takeshi Nogami",Animation et comédie,1 saison(terminée),Tokyo MX,25 min,9 octobre 2012
House of Cards,7.6,Série de   Beau Willimon,Policier et drame,6 saisons(terminée),Netflix,52 min,1 février 2013
Hannibal,7.4,Série de   Bryan Fuller,"Épouvante-horreur, policier et drame",3 saisons(arrêtée),NBC,45 min,4 avril 2013
Vikings,7.5,Série de   Michael Hirst,Action et drame,6 saisons(en cours),Prime Video,45 min,3 mars 2013
Orange Is the New Black,7.1,Série de   Jenji Kohan,"Comédie, policier et drame",7 saisons(terminée),Netflix,1 h,11 juillet 2013
Utopia,7.9,Série de   Dennis Kelly,"Science-fiction, thriller et drame",2 saisons(terminée),Channel 4,1 h,15 janvier 2013
Peaky Blinders,8.0,Série de   Steven Knight,Policier et drame,6 saisons(en cours),BBC One,55 min,12 septembre 2013
Broadchurch,7.7,Série de   Chris Chibnall,"Policier, drame et aventure",3 saisons(terminée),ITV,45 min,24 février 2013
Rectify,7.5,Série de   Ray McKinnon,Drame,4 saisons(terminée),SundanceTV,45 min,22 avril 2013
Brooklyn Nine-Nine,7.5,Série de   Daniel J. Goor et   Michael Schur,"Action, comédie et policier",8 saisons(en cours),NBC,25 min,11 août 2013
Top of the Lake,7.3,Série de   Jane Campion,"Policier, drame et thriller",2 saisons(terminée),SundanceTV,57 min,18 mars 2013
Orphan Black,7.1,Série de   John Fawcett et   Graeme Manson,Drame et science-fiction,5 saisons(terminée),BBC America,45 min,30 mars 2013
Masters of Sex,7.0,Série de   Michelle Ashford,Romance et drame,4 saisons(terminée),Showtime,1 h,29 septembre 2013
The Americans,7.3,Série de   Joseph Weisberg,"Thriller, policier et drame",6 saisons(terminée),FX,48 min,30 janvier 2013
Rick et Morty,8.3,Dessin animé de   Dan Harmon et   Justin Roiland,"Aventure, animation, comédie",3 saisons(en cours),Adult Swim,25 min,2 décembre 2013
Under the Dome,5.0,Série de   Brian K. Vaughan,"Science-fiction, Épouvante-horreur et drame",3 saisons(terminée),CBS,45 min,24 juin 2013
L'Attaque des Titans,7.9,Anime de   Tetsurō Araki et   Hajime Isayama,"Animation, aventure, fantasy",(terminée),MBS,25 min,7 avril 2013
Banshee,7.0,Série de   David Schickler et   Jonathan Tropper,"Policier, drame et action",4 saisons(terminée),Cinemax,55 min,11 janvier 2013
Bates Motel,6.7,Série de   Anthony Cipriano,"Policier, drame, Épouvante-horreur",5 saisons(terminée),A&E,45 min,18 mars 2013
Marvel : Les Agents du S.H.I.E.L.D.,5.5,"Série de   Joss Whedon,   Jed Whedon et   Maurissa Tancharoen","Action, drame, science-fiction",7 saisons(terminée),ABC (US),43 min,24 septembre 2013
Blacklist,6.1,Série de   Jon Bokenkamp,"Action, policier et drame",8 saisons(en cours),NBC,43 min,10 septembre 2013
The Following,6.0,Série de   Kevin Williamson,"Thriller, policier et drame",3 saisons(terminée),FOX (US),45 min,21 janvier 2013
The Fall,7.4,Série de   Allan Cubitt,Thriller et drame,3 saisons(terminée),RTÉ One,1 h,12 mai 2013
In the Flesh,7.2,Série de   Dominic Mitchell,"Thriller, Épouvante-horreur et drame",2 saisons(terminée),BBC Three,1 h,17 mars 2013
Ray Donovan,6.9,Série de   Ann Biderman,Policier et drame,7 saisons(arrêtée),Showtime,55 min,30 juin 2013
Crossed,8.5,"Émission Web de   Gilles Stella,   Jérémy Morvan et   Karim Debbache",Mini-série,1 saison(terminée),jeuxvideo.com,10 min,6 février 2013
Journal d'une ado hors norme,7.6,Série de   Tom Bidwell,Comédie et drame,3 saisons(terminée),E4,1 h,14 janvier 2013
Kill la Kill,7.4,"Anime de   Hiroyuki Imaishi,   Kazuki Nakashima et   Sushio","Science-fiction, seinen, fantasy",1 saison(terminée),MBS,25 min,4 octobre 2013
The Originals,6.0,Série de   Julie Plec,"Fantastique, Épouvante-horreur et drame",5 saisons(terminée),The CW,41 min,3 octobre 2013
Almost Human,6.0,Série de   J.H. Wyman,"Policier, drame et action",1 saison(terminée),FOX (US),45 min,17 novembre 2013
Siberia,6.8,Série de   Matthew Arnold,"Thriller, drame et action",1 saison(arrêté),NBC,45 min,1 juillet 2013
Sleepy Hollow,5.6,Série de   Alex Kurtzman et   Roberto Orci,"Fantastique, Épouvante-horreur et drame",4 saisons(terminée),FOX (US),45 min,16 septembre 2013
The Wrong Mans,7.3,Série de   Mathew Baynton et   James Corden,"Comédie, policier, drame",2 saisons(terminée),BBC Two,30 min,24 septembre 2013
Devious Maids,5.7,Série de   Marc Cherry,Comédie et drame,4 saisons(arrêtée),Lifetime,45 min,23 juin 2013
Les Kassos,7.2,Dessin animé de   Balak et   El Diablo,Animation et comédie,4 saisons(en cours),Canal+,2 min,2 décembre 2013
Dates,7.1,Série de   Bryan Elsley,Drame,1 saison(terminée),Channel 4,25 min,10 juin 2013
Hemlock Grove,5.9,"Série de   Eli Roth,   Brian McGreevy et   Lee Shipman","Science-fiction, thriller et Épouvante-horreur",3 saisons(terminée),Netflix,1 h,19 avril 2013
Tunnel,6.2,Série de   Ben Richards,Policier et drame,3 saisons(terminée),Sky Atlantic (UK),45 min,17 octobre 2013
« Connasse »,5.5,Série de   Eloïse Lang et   Noémie Saglio,Comédie et mini-série,1 saison(terminée),Canal+,1 min,16 septembre 2013
Reign : Le Destin d'une reine,5.3,Série de   Laurie McCarthy et   Stephanie Sengupta,"Historique, romance et drame",4 saisons(terminée),The CW,45 min,17 octobre 2013
Defiance,5.1,"Série de   Rockne S. O'Bannon,   Kevin Murphy et   Michael Taylor",Science-fiction,3 saisons(terminée),SyFy,45 min,15 avril 2013
Da Vinci's Demons,5.7,Série de   David S. Goyer,"Fantastique, drame et action",3 saisons(terminée),Starz,55 min,12 avril 2013
Hello Ladies,6.3,"Série de   Stephen Merchant,   Lee Eisenberg et   Gene Stupnitsky",Comédie,1 saison(arrêtée),HBO,30 min,29 septembre 2013
Generation War,7.8,Série de   Stefan Kolditz,"Historique, guerre, drame",1 saison(terminée),ICI Tou.tv,1 h 30 min,17 mars 2013
Perfect Crime,7.4,Série de   David Wolstencroft,"Drame, mini-série et thriller",1 saison(terminée),BBC One,1 h,29 octobre 2013
The Tomorrow People,5.1,"Série de   Phil Klemmer,   Greg Berlanti et   Julie Plec","Science-fiction, drame et action",1 saison(terminée),The CW,45 min,9 octobre 2013
Pokémon : les origines,7.0,"Anime de   Itsuro Kawasaki,   Yukio Kuroda,   Hideya Takahashi...","Animation, mini-série, aventure",1 saison(terminée),TV Tokyo,22 min,2 octobre 2013
Lazy Company,7.0,Série de   Samuel Bodin et   Alexandre Philip,Comédie,3 saisons(terminée),OCS,20 min,18 janvier 2013
Steven Universe,7.7,Dessin animé de   Rebecca Sugar,"Aventure, animation, jeunesse",5 saisons(terminée),Cartoon Network,10 min,27 juillet 2013
Please Like Me,7.7,Série de   Josh Thomas,Comédie et drame,4 saisons(terminée),ABC Comedy (AU),25 min,28 février 2013
The White Queen,6.1,Série de   Emma Frost,Mini-série et drame,1 saison(terminée),BBC One,1 h,10 août 2013
The Crazy Ones,5.5,Série de   David E. Kelley,Comédie,1 saison(terminée),CBS,25 min,26 septembre 2013
Mom,6.3,"Série de   Chuck Lorre,   Eddie Gorodetsky et   Gemma Baker",Comédie,8 saisons(en cours),CBS,21 min,9 septembre 2013
Axolot,8.0,Émission Web de   Patrick Baud,Documentaire,(en cours),YouTube,12 min,20 juin 2013
The Fosters,6.1,Série de   Peter Paige et   Brad Bredeweg,Drame,5 saisons(terminée),Freeform,45 min,3 juin 2013
Dracula,5.1,Série de   Cole Haddon,"Romance, Épouvante-horreur et drame",1 saison(terminée),NBC,45 min,25 octobre 2013
Southcliffe,6.7,Série de   Tony Grisoni,Drame,1 saison(terminée),Channel 4,1 h,4 août 2013
Once Upon a Time in Wonderland,4.6,"Série de   Jane Espenson,   Zack Estrin et   Adam Horowitz","Aventure, drame et fantasy",1 saison(terminée),ABC (US),45 min,10 octobre 2013
Witches of East End,5.5,Série de   Maggie Friedman,"Drame, fantasy et thriller",2 saisons(terminée),Lifetime,45 min,6 octobre 2013
Mr Selfridge,6.8,Série de   Andrew Davies,Drame,4 saisons(terminée),ITV,1 h,6 janvier 2013
Falco,5.7,"Série de   Alexandre Laurent,   Thierry Petit et   Marwen Abdallah",Policier et drame,4 saisons(terminée),TF1,1 h,20 juin 2013
Family Tree,6.2,Série de   Christopher Guest et   Jim Piddock,Comédie,1 saison(terminée),HBO,30 min,12 mai 2013
Hajime no Ippo: The Fighting! : Rising,7.9,Anime de   George Morikawa et   Jun Shishido,"Animation, action, sport",1 saison(terminée),NTV (JP),25 min,6 octobre 2013
Hostages,5.3,Série de   Rotem Shamir,Thriller et drame,1 saison(arrêtée),CBS,45 min,23 septembre 2013
Ravenswood,4.3,"Série de   Joseph Dougherty,   Oliver Goldstick et   I. Marlene King",Épouvante-horreur et drame,1 saison(terminée),Freeform,45 min,22 octobre 2013
Mob City,6.3,Série de   Frank Darabont,Policier et drame,1 saison(terminée),TNT (US),45 min,4 décembre 2013
Gargantia on the Verdurous Planet,6.9,"Anime de   Kazuya Murata,   Gen Urobuchi et   Naruko Hanaharu","Animation, comédie, drame",1 saison(terminée),Tokyo MX,25 min,2 mars 2013
Graceland,6.2,Série de   Jeff Eastin,"Policier, drame et action",3 saisons(terminée),USA Network,45 min,6 juin 2013
Low Winter Sun (US),6.1,Série de   Chris Mundy,Policier et drame,1 saison(terminée),AMC,1 h,11 août 2013
The Bridge,6.6,"Série de   Meredith Stiehm,   Björn Stein et   Elwood Reid",Policier et drame,2 saisons(terminée),FX,45 min,10 juillet 2013
Plebs,7.0,Série de   Tom Basden et   Sam Leifer,Comédie,5 saisons(en cours),ITV2,30 min,25 mars 2013
Log Horizon,6.8,Anime de   Shinji Ishihara et   Mamare Tôno,"Aventure, action, fantastique",2 saisons(terminée),NHK,25 min,6 septembre 2013
Le mari de la ministre,7.1,Série de   Paula Milne,Drame et mini-série,1 saison(terminée),BBC Two,55 min,25 avril 2013
Silver Spoon,7.3,Anime de   Hiromu Arakawa et   Tomohiko Itou,"Animation, drame et comédie",1 saison(terminée),Fuji TV,25 min,12 juillet 2013
BiTS,8.1,Émission Web de   Joseph Vasconi et   Rafik Djoumi,Documentaire,4 saisons(terminée),Arte Creative,10 min,16 octobre 2013
Getting On (US),6.6,Série de   Mark V. Olsen et   Will Scheffer,Comédie dramatique,3 saisons(terminée),HBO,30 min,24 novembre 2013
True Detective,8.2,Série de   Nic Pizzolatto,"Policier, drame et anthologique",3 saisons(en cours),HBO,59 min,12 janvier 2014
Fargo,8.2,Série de   Noah Hawley,"Comédie, policier, drame",4 saisons(en cours),FX,50 min,15 avril 2014
The Leftovers,7.7,Série de   Damon Lindelof et   Tom Perrotta,Drame et fantastique,3 saisons(terminée),HBO,55 min,30 juin 2014
The Knick,7.7,Série de   Jack Amiel et   Michael Begler,Drame,2 saisons(terminée),Cinemax,55 min,8 août 2014
Penny Dreadful,6.8,Série de   John Logan,"Fantastique, Épouvante-horreur et drame",3 saisons(arrêtée),Showtime,1 h,11 mai 2014
Les 100,5.9,Série de   Jason Rothenberg,"Action, drame, science-fiction",7 saisons(en cours),The CW,41 min,19 mars 2014
Silicon Valley,7.3,"Série de   Mike Judge,   John Altschuler et   Dave Krinsky",Comédie,6 saisons(terminée),HBO,30 min,6 avril 2014
Gotham,6.1,Série de   Bruno Heller,"Policier, action, drame",5 saisons(terminée),FOX (US),45 min,18 août 2014
Halt and Catch Fire,7.5,Série de   Christopher Cantwell et   Christopher C. Rogers,Drame,4 saisons(terminée),AMC,45 min,1 juin 2014
Flash,5.7,"Série de   Greg Berlanti,   Andrew Kreisberg et   Geoff Johns","Action, aventure, drame",7 saisons(en cours),The CW,45 min,7 octobre 2014
Mr. Robot,7.6,Série de   Sam Esmail,Drame et thriller,4 saisons(terminée),USA Network,50 min,24 juin 2015
Marvel's Daredevil,7.2,Série de   Drew Goddard,"Action, aventure, policier",3 saisons(terminée),Netflix,55 min,10 avril 2015
Sense8,7.3,"Série de   J. Michael Straczynski,   Lilly Wachowski et   Lana Wachowski",Science-fiction et drame,2 saisons(arrêtée),Netflix,55 min,5 juin 2015
Narcos,7.7,"Série de   Doug Miro,   Carlo Bernard et   Chris Brancato","Policier, drame et action",3 saisons(terminée),Netflix,50 min,28 août 2015
Marvel's Jessica Jones,6.7,Série de   Melissa Rosenberg,"Action, policier, drame",3 saisons(terminée),Netflix,50 min,20 novembre 2015
Master of None,7.3,Série de   Alan Yang et   Aziz Ansari,Comédie,2 saisons(en cours),Netflix,30 min,6 novembre 2015
Man Seeking Woman,7.2,Série de   Simon Rich,Fantastique et comédie,3 saisons(terminée),FX,30 min,14 janvier 2015
Le Maître du Haut-Château,7.0,Série de   Frank Spotnitz,Drame et thriller,4 saisons(terminée),Prime Video,1 h,15 janvier 2015
Bloodline,7.0,"Série de   Glenn Kessler,   Todd A. Kessler et   Daniel Zelman",Thriller et drame,3 saisons(arrêtée),Netflix,1 h,20 mars 2015
UnREAL,6.9,Série de   Marti Noxon et   Sarah Gertrude Shapiro,Drame,4 saisons(terminée),Hulu,45 min,1 juin 2015
Stranger Things,7.7,Série de   Matt Duffer et   Ross Duffer,"Science-fiction, fantastique, Épouvante-horreur",4 saisons(en cours),Netflix,51 min,15 juillet 2016
Westworld,7.7,Série de   Jonathan Nolan et   Lisa Joy,"Science-fiction, western, thriller",3 saisons(en cours),HBO,58 min,2 octobre 2016
The Night Of,8.0,Série de   Richard Price et   Steven Zaillian,"Drame, mini-série et thriller",1 saison(terminée),HBO,1 h,10 juillet 2016
22.11.63,7.1,Série de   Bridget Carpenter,"Science-fiction, mini-série et drame",1 saison(terminée),Hulu,50 min,15 février 2016
American Crime Story,7.6,Série de   Scott Alexander et   Larry Karaszewski,"Policier, drame, judiciaire",3 saisons(en cours),FX,52 min,2 février 2016
The OA,7.2,Série de   Brit Marling et   Zal Batmanglij,"Fantastique, thriller, science-fiction",2 saisons(arrêtée),Netflix,1 h 11 min,16 décembre 2016
Atlanta,7.9,Série de   Donald Glover,Comédie et drame,2 saisons(en cours),FX,25 min,6 septembre 2016
Preacher,7.0,"Série de   Seth Rogen,   Evan Goldberg et   Sam Catlin","Fantastique, drame et action",4 saisons(terminée),AMC,40 min,22 mai 2016
The Crown,7.5,Série de   Peter Morgan,Drame et historique,4 saisons(en cours),Netflix,57 min,4 novembre 2016
Vinyl,7.1,"Série de   Mick Jagger,   Martin Scorsese,   Rich Cohen...",Drame et musique,1 saison(arrêtée),HBO,50 min,14 février 2016
The Get Down,7.3,Série de   Baz Luhrmann et   Stephen Adly Guirgis,Drame,1 saison(terminée),Netflix,1 h,12 août 2016
Lastman,8.2,Dessin animé de   Jérémie Périn,Animation et action,1 saison(en cours),France 4,15 min,22 novembre 2016
"Dirk Gently, détective holistique",7.5,Série de   Max Landis,"Comédie, thriller et policier",2 saisons(arrêtée),BBC America,45 min,22 octobre 2016
The Night Manager,7.2,Série de   Susanne Bier,"Thriller, policier et drame",1 saison(terminée),BBC One,1 h,22 août 2016
Marvel's Luke Cage,6.1,Série de   Cheo Hodari Coker,"Policier, drame et action",2 saisons(arrêtée),Netflix,55 min,30 septembre 2016
This Is Us,7.6,Série de   Dan Fogelman,Drame,5 saisons(en cours),NBC,43 min,13 septembre 2016
Fleabag,8.0,Série de   Phoebe Waller-Bridge,Comédie et drame,2 saisons(terminée),BBC Three,25 min,21 juillet 2016
Love,6.5,"Série de   Judd Apatow,   Paul Rust et   Lesley Arfin",Comédie et drame,3 saisons(terminée),Netflix,30 min,19 février 2016
BrainDead,7.3,Série de   Michelle King et   Robert King,"Comédie, thriller et drame",1 saison(arrêtée),CBS,45 min,13 juin 2016
Erased,7.9,Anime de   Kishimoto Taku et   Tomohiko Itou,"Fantastique, drame et animation",1 saison(terminée),Fuji TV,25 min,8 janvier 2016
Quarry,7.5,Série de   Michael D. Fuller et   Graham Gordy,"Thriller, policier et drame",1 saison(terminée),Cinemax,55 min,9 septembre 2016
The Young Pope,7.5,Série de   Paolo Sorrentino,Drame et mini-série,1 saison(terminée),Sky Atlantic (IT),57 min,21 octobre 2016
Baron Noir,7.4,Série de   Eric Benzekri et   Jean-Baptiste Delafon,Drame et thriller,3 saisons(arrêtée),Canal+,55 min,8 février 2016
The Good Place,7.0,Série de   Michael Schur,"Comédie, romance et fantastique",4 saisons(terminée),NBC,25 min,19 septembre 2016
Lucifer,6.3,Série de   Tom Kapinos,"Fantastique, comédie, policier",6 saisons(en cours),Netflix,45 min,25 janvier 2016
The Haunting of Hill House,7.6,Série de   Mike Flanagan,"Épouvante-horreur, anthologique, thriller",2 saisons(terminée),Netflix,56 min,12 octobre 2018
Sharp Objects,7.6,Série de   Marti Noxon,"Mini-série, drame et thriller",1 saison(terminée),HBO,52 min,1 juillet 2018
Maniac,7.0,Série de   Patrick Somerville et   Cary Joji Fukunaga,"Science-fiction, mini-série, comédie",1 saison(terminée),Netflix,40 min,21 septembre 2018
Altered Carbon,6.6,Série de   Laeta Kalogridis,"Action, drame, science-fiction",2 saisons(arrêtée),Netflix,50 min,2 février 2018
The Terror,7.2,"Série de   David Kajganich,   Alexander Woo et   Max Borenstein","Aventure, drame, Épouvante-horreur",2 saisons(en cours),AMC,50 min,26 mars 2018
Devilman Crybaby,7.5,Anime de   Masaaki Yuasa et   Gô Nagai,"Drame, fantastique, Épouvante-horreur",1 saison(terminée),Netflix,30 min,5 janvier 2018
Killing Eve,7.4,Série de   Phoebe Waller-Bridge,"Thriller, policier et drame",4 saisons(en cours),AMC,40 min,8 avril 2018
Bodyguard,7.1,Série de   Jed Mercurio,"Thriller, policier et drame",2 saisons(en cours),BBC One,1 h,26 août 2018
Barry,7.3,Série de   Bill Hader et   Alec Berg,"Comédie, policier et drame",3 saisons(en cours),HBO,30 min,25 mars 2018
Désenchantée,6.3,Dessin animé de   Matt Groening,"Fantastique, comédie et animation",1 saison(en cours),Netflix,30 min,17 août 2018
Pose,8.0,"Série de   Steven Canals,   Brad Falchuk et   Ryan Murphy",Drame,3 saisons(en cours),FX,45 min,3 juin 2018
Kidding,7.6,Série de   Dave Holstein,Comédie et drame,2 saisons(arrêtée),Showtime,30 min,9 septembre 2018
Vermin,7.6,"Dessin animé de   Alexis Beaumont,   Hafid F. Benamar et   Balak","Comédie, animation et action",(en cours),Blackpills,10 min,9 avril 2018
Les Nouvelles Aventures de Sabrina,6.5,Série de   Roberto Aguirre-Sacasa,"Aventure, drame, fantastique",2 saisons(arrêtée),Netflix,55 min,26 octobre 2018
Homecoming,7.3,"Série de   Eli Horowitz,   Micah Bloomberg et   Sam Esmail",Drame et thriller,2 saisons(en cours),Prime Video,30 min,2 novembre 2018
Succession,7.9,Série de   Jesse Armstrong,Drame,3 saisons(en cours),HBO,59 min,3 juin 2018
The Little Drummer Girl,7.3,Série de   Park Chan-wook,"Thriller, mini-série, policier",1 saison(terminée),BBC One,1 h,28 octobre 2018
Hippocrate,7.5,Série de   Thomas Lilti,Drame et médical,1 saison(en cours),Canal+,50 min,26 novembre 2018
Waco,7.2,Série de   Drew Dowdle et   John Erick Dowdle,"Mini-série, policier et drame",1 saison(terminée),Paramount Network,45 min,24 janvier 2018
Patrick Melrose,7.4,Série de   David Nicholls,Mini-série et drame,1 saison(terminée),Showtime,56 min,12 mai 2018
You,6.2,Série de   Sera Gamble et   Greg Berlanti,"Policier, drame, romance",2 saisons(en cours),Netflix,50 min,9 septembre 2018
Narcos : Mexico,7.2,"Série de   Doug Miro,   Carlo Bernard et   Chris Brancato","Action, aventure, policier",2 saisons(en cours),Netflix,55 min,16 novembre 2018
Violet Evergarden,7.3,"Anime de   Taichi Ishidate,   Kana Akatsuki,   Haruka Fujita...","Romance, fantasy, guerre",1 saison(terminée),Tokyo MX,25 min,11 janvier 2018
Escape at Dannemora,7.5,Série de   Brett Johnson et   Michael Tolkin,Drame et mini-série,1 saison(arrêtée),Showtime,1 h,18 novembre 2018
The Looming Tower,7.3,"Série de   Dan Futterman,   Alex Gibney et   Lawrence Wright","Thriller, mini-série et drame",1 saison(terminée),Hulu,50 min,28 février 2018
Chernobyl,8.5,Série de   Craig Mazin,"Drame, historique et mini-série",1 saison(terminée),HBO,1 h 05 min,6 mai 2019
The Boys,7.7,Série de   Eric Kripke,Fantastique et action,3 saisons(en cours),Prime Video,1 h,26 juillet 2019
Watchmen,7.8,Série de   Damon Lindelof,"Drame, fantastique et mini-série",1 saison(terminée),HBO,1 h,20 octobre 2019
"Love, Death & Robots",7.4,Dessin animé de   Tim Miller,"Science-fiction, fantastique, Épouvante-horreur",1 saison(en cours),Netflix,10 min,15 mars 2019
Sex Education,7.1,Série de   Laurie Nunn,Comédie et drame,3 saisons(en cours),Netflix,51 min,11 janvier 2019
Euphoria,7.8,Série de   Sam Levinson,Drame,2 saisons(en cours),HBO,54 min,16 juin 2019
The Mandalorian,7.0,Série de   Jon Favreau,"Action, aventure, science-fiction",2 saisons(en cours),Disney+,39 min,12 novembre 2019
The Umbrella Academy,6.8,Série de   Jeremy Slater et   Steve Blackman,"Fantastique, action, drame",2 saisons(en cours),Netflix,47 min,15 février 2019
Years and Years,7.7,Série de   Russell T. Davies,Mini-série et drame,1 saison(terminée),BBC One,1 h,14 mai 2019
Dans leur regard,8.1,Série de   Ava DuVernay,Thriller et mini-série,1 saison(terminée),Netflix,1 h 04 min,31 mai 2019
Poupée russe,6.9,"Série de   Amy Poehler,   Natasha Lyonne et   Leslye Headland",Comédie dramatique,2 saisons(en cours),Netflix,30 min,1 février 2019
The Witcher,6.5,Série de   Lauren Schmidt Hissrich,Aventure et fantasy,1 saison(en cours),Netflix,1 h,20 décembre 2019
Kingdom,7.3,Drama de   Kim Sung-hoon,Épouvante-horreur et historique,2 saisons(en cours),Netflix,55 min,25 janvier 2019
Good Omens,7.2,Série de   Neil Gaiman,"Comédie, mini-série et fantastique",1 saison(terminée),Prime Video,1 h,31 mai 2019
Unbelievable,7.7,"Série de   Susannah Grant,   Michael Chabon et   Ayelet Waldman","Policier, drame et mini-série",1 saison(terminée),Netflix,45 min,13 septembre 2019
Dark Crystal : Le Temps de la résistance,7.7,Dessin animé de   Jeffrey Addiss et   Will Matthews,"Fantasy, aventure et jeunesse",1 saison(arrêtée),Netflix,50 min,30 août 2019
His Dark Materials : À la croisée des mondes,6.9,Série de   Jack Thorne,"Action, aventure et fantasy",2 saisons(en cours),BBC One,57 min,3 novembre 2019
After Life,7.3,Série de   Ricky Gervais,Comédie et drame,3 saisons(en cours),Netflix,28 min,8 mars 2019
Too Old to Die Young,6.9,Série de   Ed Brubaker et   Nicolas Winding Refn,Policier et drame,1 saison(terminée),Prime Video,1 h 16 min,14 juin 2019
What We Do In The Shadows,7.4,Série de   Jemaine Clement,Comédie et Épouvante-horreur,3 saisons(en cours),FX,23 min,27 mars 2019
Undone,7.6,Dessin animé de   Kate Purdy et   Raphael Bob-Waksberg,"Animation, drame, fantastique",2 saisons(en cours),Prime Video,25 min,13 septembre 2019
Carnival Row,6.8,Série de   René Echevarria et   Travis Beacham,"Fantastique, thriller et policier",2 saisons(en cours),Prime Video,50 min,30 août 2019
Notre planète,8.5,"Série de   David Attenborough,   Adam Chapman,   Hugh Pearson...",Documentaire et mini-série,1 saison(terminée),Netflix,50 min,5 avril 2019
L'Effondrement,7.5,"Série de   Guillaume Desjardins,   Jérémy Bernard et   Bastien Ughetto",Mini-série et drame,1 saison(terminée),Canal+,20 min,11 novembre 2019
L'Attaque des Titans 3 - Partie 2,8.7,"Anime de   Yasuko Kobayashi,   Hajime Isayama,   Masashi Koizuka...","Guerre, Épouvante-horreur, shōnen",1 saison(terminée),NHK,25 min,29 avril 2019
